{
  "version": "1.0",
  "defaultProvider": "cdnjs",
  "libraries": [
    {
      "library": "twitter-bootstrap@5.0.0",
      "destination": "wwwroot/lib/twitter-bootstrap/",
      "files": [
        "js/bootstrap.js",
        "css/bootstrap.css"
      ]
    },
    {
      "library": "jquery@3.6.3",
      "destination": "wwwroot/lib/jquery/",
      "files": [
        "jquery.js"
      ]
    },
    {
      "provider": "cdnjs",
      "library": "bootstrap-icons@1.10.3",
      "destination": "wwwroot/lib/bootstrap-icons/",
      "files": [
        "bootstrap-icons.svg",
        "font/fonts/bootstrap-icons.woff",
        "font/fonts/bootstrap-icons.woff2",
        "font/bootstrap-icons.min.css",
        "icons/0-circle-fill.svg",
        "icons/0-circle.svg",
        "icons/0-square-fill.svg",
        "icons/0-square.svg",
        "icons/1-circle-fill.svg",
        "icons/1-circle.svg",
        "icons/1-square-fill.svg",
        "icons/1-square.svg",
        "icons/123.svg",
        "icons/2-circle-fill.svg",
        "icons/2-circle.svg",
        "icons/2-square-fill.svg",
        "icons/2-square.svg",
        "icons/3-circle-fill.svg",
        "icons/3-circle.svg",
        "icons/3-square-fill.svg",
        "icons/3-square.svg",
        "icons/4-circle-fill.svg",
        "icons/4-circle.svg",
        "icons/4-square-fill.svg",
        "icons/4-square.svg",
        "icons/5-circle-fill.svg",
        "icons/5-circle.svg",
        "icons/5-square-fill.svg",
        "icons/5-square.svg",
        "icons/6-circle-fill.svg",
        "icons/6-circle.svg",
        "icons/6-square-fill.svg",
        "icons/6-square.svg",
        "icons/7-circle-fill.svg",
        "icons/7-circle.svg",
        "icons/7-square-fill.svg",
        "icons/7-square.svg",
        "icons/8-circle-fill.svg",
        "icons/8-circle.svg",
        "icons/8-square-fill.svg",
        "icons/8-square.svg",
        "icons/9-circle-fill.svg",
        "icons/9-circle.svg",
        "icons/9-square-fill.svg",
        "icons/9-square.svg",
        "icons/activity.svg",
        "icons/airplane-engines-fill.svg",
        "icons/airplane-engines.svg",
        "icons/airplane-fill.svg",
        "icons/airplane.svg",
        "icons/alarm-fill.svg",
        "icons/alarm.svg",
        "icons/alexa.svg",
        "icons/align-bottom.svg",
        "icons/align-center.svg",
        "icons/align-end.svg",
        "icons/align-middle.svg",
        "icons/align-start.svg",
        "icons/align-top.svg",
        "icons/alipay.svg",
        "icons/alt.svg",
        "icons/amd.svg",
        "icons/android.svg",
        "icons/android2.svg",
        "icons/app-indicator.svg",
        "icons/app.svg",
        "icons/apple.svg",
        "icons/archive-fill.svg",
        "icons/archive.svg",
        "icons/arrow-90deg-down.svg",
        "icons/arrow-90deg-left.svg",
        "icons/arrow-90deg-right.svg",
        "icons/arrow-90deg-up.svg",
        "icons/arrow-bar-down.svg",
        "icons/arrow-bar-left.svg",
        "icons/arrow-bar-right.svg",
        "icons/arrow-bar-up.svg",
        "icons/arrow-clockwise.svg",
        "icons/arrow-counterclockwise.svg",
        "icons/arrow-down-circle-fill.svg",
        "icons/arrow-down-circle.svg",
        "icons/arrow-down-left-circle-fill.svg",
        "icons/arrow-down-left-circle.svg",
        "icons/arrow-down-left-square-fill.svg",
        "icons/arrow-down-left-square.svg",
        "icons/arrow-down-left.svg",
        "icons/arrow-down-right-circle-fill.svg",
        "icons/arrow-down-right-circle.svg",
        "icons/arrow-down-right-square-fill.svg",
        "icons/arrow-down-right-square.svg",
        "icons/arrow-down-right.svg",
        "icons/arrow-down-short.svg",
        "icons/arrow-down-square-fill.svg",
        "icons/arrow-down-square.svg",
        "icons/arrow-down-up.svg",
        "icons/arrow-down.svg",
        "icons/arrow-left-circle-fill.svg",
        "icons/arrow-left-circle.svg",
        "icons/arrow-left-right.svg",
        "icons/arrow-left-short.svg",
        "icons/arrow-left-square-fill.svg",
        "icons/arrow-left-square.svg",
        "icons/arrow-left.svg",
        "icons/arrow-repeat.svg",
        "icons/arrow-return-left.svg",
        "icons/arrow-return-right.svg",
        "icons/arrow-right-circle-fill.svg",
        "icons/arrow-right-circle.svg",
        "icons/arrow-right-short.svg",
        "icons/arrow-right-square-fill.svg",
        "icons/arrow-right-square.svg",
        "icons/arrow-right.svg",
        "icons/arrow-through-heart-fill.svg",
        "icons/arrow-through-heart.svg",
        "icons/arrow-up-circle-fill.svg",
        "icons/arrow-up-circle.svg",
        "icons/arrow-up-left-circle-fill.svg",
        "icons/arrow-up-left-circle.svg",
        "icons/arrow-up-left-square-fill.svg",
        "icons/arrow-up-left-square.svg",
        "icons/arrow-up-left.svg",
        "icons/arrow-up-right-circle-fill.svg",
        "icons/arrow-up-right-circle.svg",
        "icons/arrow-up-right-square-fill.svg",
        "icons/arrow-up-right-square.svg",
        "icons/arrow-up-right.svg",
        "icons/arrow-up-short.svg",
        "icons/arrow-up-square-fill.svg",
        "icons/arrow-up-square.svg",
        "icons/arrow-up.svg",
        "icons/arrows-angle-contract.svg",
        "icons/arrows-angle-expand.svg",
        "icons/arrows-collapse.svg",
        "icons/arrows-expand.svg",
        "icons/arrows-fullscreen.svg",
        "icons/arrows-move.svg",
        "icons/aspect-ratio-fill.svg",
        "icons/aspect-ratio.svg",
        "icons/asterisk.svg",
        "icons/at.svg",
        "icons/award-fill.svg",
        "icons/award.svg",
        "icons/back.svg",
        "icons/backspace-fill.svg",
        "icons/backspace-reverse-fill.svg",
        "icons/backspace-reverse.svg",
        "icons/backspace.svg",
        "icons/badge-3d-fill.svg",
        "icons/badge-3d.svg",
        "icons/badge-4k-fill.svg",
        "icons/badge-4k.svg",
        "icons/badge-8k-fill.svg",
        "icons/badge-8k.svg",
        "icons/badge-ad-fill.svg",
        "icons/badge-ad.svg",
        "icons/badge-ar-fill.svg",
        "icons/badge-ar.svg",
        "icons/badge-cc-fill.svg",
        "icons/badge-cc.svg",
        "icons/badge-hd-fill.svg",
        "icons/badge-hd.svg",
        "icons/badge-sd-fill.svg",
        "icons/badge-sd.svg",
        "icons/badge-tm-fill.svg",
        "icons/badge-tm.svg",
        "icons/badge-vo-fill.svg",
        "icons/badge-vo.svg",
        "icons/badge-vr-fill.svg",
        "icons/badge-vr.svg",
        "icons/badge-wc-fill.svg",
        "icons/badge-wc.svg",
        "icons/bag-check-fill.svg",
        "icons/bag-check.svg",
        "icons/bag-dash-fill.svg",
        "icons/bag-dash.svg",
        "icons/bag-fill.svg",
        "icons/bag-heart-fill.svg",
        "icons/bag-heart.svg",
        "icons/bag-plus-fill.svg",
        "icons/bag-plus.svg",
        "icons/bag-x-fill.svg",
        "icons/bag-x.svg",
        "icons/bag.svg",
        "icons/balloon-fill.svg",
        "icons/balloon-heart-fill.svg",
        "icons/balloon-heart.svg",
        "icons/balloon.svg",
        "icons/bandaid-fill.svg",
        "icons/bandaid.svg",
        "icons/bank.svg",
        "icons/bank2.svg",
        "icons/bar-chart-fill.svg",
        "icons/bar-chart-line-fill.svg",
        "icons/bar-chart-line.svg",
        "icons/bar-chart-steps.svg",
        "icons/bar-chart.svg",
        "icons/basket-fill.svg",
        "icons/basket.svg",
        "icons/basket2-fill.svg",
        "icons/basket2.svg",
        "icons/basket3-fill.svg",
        "icons/basket3.svg",
        "icons/battery-charging.svg",
        "icons/battery-full.svg",
        "icons/battery-half.svg",
        "icons/battery.svg",
        "icons/behance.svg",
        "icons/bell-fill.svg",
        "icons/bell-slash-fill.svg",
        "icons/bell-slash.svg",
        "icons/bell.svg",
        "icons/bezier.svg",
        "icons/bezier2.svg",
        "icons/bicycle.svg",
        "icons/binoculars-fill.svg",
        "icons/binoculars.svg",
        "icons/blockquote-left.svg",
        "icons/blockquote-right.svg",
        "icons/bluetooth.svg",
        "icons/body-text.svg",
        "icons/book-fill.svg",
        "icons/book-half.svg",
        "icons/book.svg",
        "icons/bookmark-check-fill.svg",
        "icons/bookmark-check.svg",
        "icons/bookmark-dash-fill.svg",
        "icons/bookmark-dash.svg",
        "icons/bookmark-fill.svg",
        "icons/bookmark-heart-fill.svg",
        "icons/bookmark-heart.svg",
        "icons/bookmark-plus-fill.svg",
        "icons/bookmark-plus.svg",
        "icons/bookmark-star-fill.svg",
        "icons/bookmark-star.svg",
        "icons/bookmark-x-fill.svg",
        "icons/bookmark-x.svg",
        "icons/bookmark.svg",
        "icons/bookmarks-fill.svg",
        "icons/bookmarks.svg",
        "icons/bookshelf.svg",
        "icons/boombox-fill.svg",
        "icons/boombox.svg",
        "icons/bootstrap-fill.svg",
        "icons/bootstrap-reboot.svg",
        "icons/bootstrap.svg",
        "icons/border-all.svg",
        "icons/border-bottom.svg",
        "icons/border-center.svg",
        "icons/border-inner.svg",
        "icons/border-left.svg",
        "icons/border-middle.svg",
        "icons/border-outer.svg",
        "icons/border-right.svg",
        "icons/border-style.svg",
        "icons/border-top.svg",
        "icons/border-width.svg",
        "icons/border.svg",
        "icons/bounding-box-circles.svg",
        "icons/bounding-box.svg",
        "icons/box-arrow-down-left.svg",
        "icons/box-arrow-down-right.svg",
        "icons/box-arrow-down.svg",
        "icons/box-arrow-in-down-left.svg",
        "icons/box-arrow-in-down-right.svg",
        "icons/box-arrow-in-down.svg",
        "icons/box-arrow-in-left.svg",
        "icons/box-arrow-in-right.svg",
        "icons/box-arrow-in-up-left.svg",
        "icons/box-arrow-in-up-right.svg",
        "icons/box-arrow-in-up.svg",
        "icons/box-arrow-left.svg",
        "icons/box-arrow-right.svg",
        "icons/box-arrow-up-left.svg",
        "icons/box-arrow-up-right.svg",
        "icons/box-arrow-up.svg",
        "icons/box-fill.svg",
        "icons/box-seam-fill.svg",
        "icons/box-seam.svg",
        "icons/box.svg",
        "icons/box2-fill.svg",
        "icons/box2-heart-fill.svg",
        "icons/box2-heart.svg",
        "icons/box2.svg",
        "icons/boxes.svg",
        "icons/braces-asterisk.svg",
        "icons/braces.svg",
        "icons/bricks.svg",
        "icons/briefcase-fill.svg",
        "icons/briefcase.svg",
        "icons/brightness-alt-high-fill.svg",
        "icons/brightness-alt-high.svg",
        "icons/brightness-alt-low-fill.svg",
        "icons/brightness-alt-low.svg",
        "icons/brightness-high-fill.svg",
        "icons/brightness-high.svg",
        "icons/brightness-low-fill.svg",
        "icons/brightness-low.svg",
        "icons/broadcast-pin.svg",
        "icons/broadcast.svg",
        "icons/browser-chrome.svg",
        "icons/browser-edge.svg",
        "icons/browser-firefox.svg",
        "icons/browser-safari.svg",
        "icons/brush-fill.svg",
        "icons/brush.svg",
        "icons/bucket-fill.svg",
        "icons/bucket.svg",
        "icons/bug-fill.svg",
        "icons/bug.svg",
        "icons/building-add.svg",
        "icons/building-check.svg",
        "icons/building-dash.svg",
        "icons/building-down.svg",
        "icons/building-exclamation.svg",
        "icons/building-fill-add.svg",
        "icons/building-fill-check.svg",
        "icons/building-fill-dash.svg",
        "icons/building-fill-down.svg",
        "icons/building-fill-exclamation.svg",
        "icons/building-fill-gear.svg",
        "icons/building-fill-lock.svg",
        "icons/building-fill-slash.svg",
        "icons/building-fill-up.svg",
        "icons/building-fill-x.svg",
        "icons/building-fill.svg",
        "icons/building-gear.svg",
        "icons/building-lock.svg",
        "icons/building-slash.svg",
        "icons/building-up.svg",
        "icons/building-x.svg",
        "icons/building.svg",
        "icons/buildings-fill.svg",
        "icons/buildings.svg",
        "icons/bullseye.svg",
        "icons/bus-front-fill.svg",
        "icons/bus-front.svg",
        "icons/c-circle-fill.svg",
        "icons/c-circle.svg",
        "icons/c-square-fill.svg",
        "icons/c-square.svg",
        "icons/calculator-fill.svg",
        "icons/calculator.svg",
        "icons/calendar-check-fill.svg",
        "icons/calendar-check.svg",
        "icons/calendar-date-fill.svg",
        "icons/calendar-date.svg",
        "icons/calendar-day-fill.svg",
        "icons/calendar-day.svg",
        "icons/calendar-event-fill.svg",
        "icons/calendar-event.svg",
        "icons/calendar-fill.svg",
        "icons/calendar-heart-fill.svg",
        "icons/calendar-heart.svg",
        "icons/calendar-minus-fill.svg",
        "icons/calendar-minus.svg",
        "icons/calendar-month-fill.svg",
        "icons/calendar-month.svg",
        "icons/calendar-plus-fill.svg",
        "icons/calendar-plus.svg",
        "icons/calendar-range-fill.svg",
        "icons/calendar-range.svg",
        "icons/calendar-week-fill.svg",
        "icons/calendar-week.svg",
        "icons/calendar-x-fill.svg",
        "icons/calendar-x.svg",
        "icons/calendar.svg",
        "icons/calendar2-check-fill.svg",
        "icons/calendar2-check.svg",
        "icons/calendar2-date-fill.svg",
        "icons/calendar2-date.svg",
        "icons/calendar2-day-fill.svg",
        "icons/calendar2-day.svg",
        "icons/calendar2-event-fill.svg",
        "icons/calendar2-event.svg",
        "icons/calendar2-fill.svg",
        "icons/calendar2-heart-fill.svg",
        "icons/calendar2-heart.svg",
        "icons/calendar2-minus-fill.svg",
        "icons/calendar2-minus.svg",
        "icons/calendar2-month-fill.svg",
        "icons/calendar2-month.svg",
        "icons/calendar2-plus-fill.svg",
        "icons/calendar2-plus.svg",
        "icons/calendar2-range-fill.svg",
        "icons/calendar2-range.svg",
        "icons/calendar2-week-fill.svg",
        "icons/calendar2-week.svg",
        "icons/calendar2-x-fill.svg",
        "icons/calendar2-x.svg",
        "icons/calendar2.svg",
        "icons/calendar3-event-fill.svg",
        "icons/calendar3-event.svg",
        "icons/calendar3-fill.svg",
        "icons/calendar3-range-fill.svg",
        "icons/calendar3-range.svg",
        "icons/calendar3-week-fill.svg",
        "icons/calendar3-week.svg",
        "icons/calendar3.svg",
        "icons/calendar4-event.svg",
        "icons/calendar4-range.svg",
        "icons/calendar4-week.svg",
        "icons/calendar4.svg",
        "icons/camera-fill.svg",
        "icons/camera-reels-fill.svg",
        "icons/camera-reels.svg",
        "icons/camera-video-fill.svg",
        "icons/camera-video-off-fill.svg",
        "icons/camera-video-off.svg",
        "icons/camera-video.svg",
        "icons/camera.svg",
        "icons/camera2.svg",
        "icons/capslock-fill.svg",
        "icons/capslock.svg",
        "icons/capsule-pill.svg",
        "icons/capsule.svg",
        "icons/car-front-fill.svg",
        "icons/car-front.svg",
        "icons/card-checklist.svg",
        "icons/card-heading.svg",
        "icons/card-image.svg",
        "icons/card-list.svg",
        "icons/card-text.svg",
        "icons/caret-down-fill.svg",
        "icons/caret-down-square-fill.svg",
        "icons/caret-down-square.svg",
        "icons/caret-down.svg",
        "icons/caret-left-fill.svg",
        "icons/caret-left-square-fill.svg",
        "icons/caret-left-square.svg",
        "icons/caret-left.svg",
        "icons/caret-right-fill.svg",
        "icons/caret-right-square-fill.svg",
        "icons/caret-right-square.svg",
        "icons/caret-right.svg",
        "icons/caret-up-fill.svg",
        "icons/caret-up-square-fill.svg",
        "icons/caret-up-square.svg",
        "icons/caret-up.svg",
        "icons/cart-check-fill.svg",
        "icons/cart-check.svg",
        "icons/cart-dash-fill.svg",
        "icons/cart-dash.svg",
        "icons/cart-fill.svg",
        "icons/cart-plus-fill.svg",
        "icons/cart-plus.svg",
        "icons/cart-x-fill.svg",
        "icons/cart-x.svg",
        "icons/cart.svg",
        "icons/cart2.svg",
        "icons/cart3.svg",
        "icons/cart4.svg",
        "icons/cash-coin.svg",
        "icons/cash-stack.svg",
        "icons/cash.svg",
        "icons/cassette-fill.svg",
        "icons/cassette.svg",
        "icons/cast.svg",
        "icons/cc-circle-fill.svg",
        "icons/cc-circle.svg",
        "icons/cc-square-fill.svg",
        "icons/cc-square.svg",
        "icons/chat-dots-fill.svg",
        "icons/chat-dots.svg",
        "icons/chat-fill.svg",
        "icons/chat-heart-fill.svg",
        "icons/chat-heart.svg",
        "icons/chat-left-dots-fill.svg",
        "icons/chat-left-dots.svg",
        "icons/chat-left-fill.svg",
        "icons/chat-left-heart-fill.svg",
        "icons/chat-left-heart.svg",
        "icons/chat-left-quote-fill.svg",
        "icons/chat-left-quote.svg",
        "icons/chat-left-text-fill.svg",
        "icons/chat-left-text.svg",
        "icons/chat-left.svg",
        "icons/chat-quote-fill.svg",
        "icons/chat-quote.svg",
        "icons/chat-right-dots-fill.svg",
        "icons/chat-right-dots.svg",
        "icons/chat-right-fill.svg",
        "icons/chat-right-heart-fill.svg",
        "icons/chat-right-heart.svg",
        "icons/chat-right-quote-fill.svg",
        "icons/chat-right-quote.svg",
        "icons/chat-right-text-fill.svg",
        "icons/chat-right-text.svg",
        "icons/chat-right.svg",
        "icons/chat-square-dots-fill.svg",
        "icons/chat-square-dots.svg",
        "icons/chat-square-fill.svg",
        "icons/chat-square-heart-fill.svg",
        "icons/chat-square-heart.svg",
        "icons/chat-square-quote-fill.svg",
        "icons/chat-square-quote.svg",
        "icons/chat-square-text-fill.svg",
        "icons/chat-square-text.svg",
        "icons/chat-square.svg",
        "icons/chat-text-fill.svg",
        "icons/chat-text.svg",
        "icons/chat.svg",
        "icons/check-all.svg",
        "icons/check-circle-fill.svg",
        "icons/check-circle.svg",
        "icons/check-lg.svg",
        "icons/check-square-fill.svg",
        "icons/check-square.svg",
        "icons/check.svg",
        "icons/check2-all.svg",
        "icons/check2-circle.svg",
        "icons/check2-square.svg",
        "icons/check2.svg",
        "icons/chevron-bar-contract.svg",
        "icons/chevron-bar-down.svg",
        "icons/chevron-bar-expand.svg",
        "icons/chevron-bar-left.svg",
        "icons/chevron-bar-right.svg",
        "icons/chevron-bar-up.svg",
        "icons/chevron-compact-down.svg",
        "icons/chevron-compact-left.svg",
        "icons/chevron-compact-right.svg",
        "icons/chevron-compact-up.svg",
        "icons/chevron-contract.svg",
        "icons/chevron-double-down.svg",
        "icons/chevron-double-left.svg",
        "icons/chevron-double-right.svg",
        "icons/chevron-double-up.svg",
        "icons/chevron-down.svg",
        "icons/chevron-expand.svg",
        "icons/chevron-left.svg",
        "icons/chevron-right.svg",
        "icons/chevron-up.svg",
        "icons/circle-fill.svg",
        "icons/circle-half.svg",
        "icons/circle-square.svg",
        "icons/circle.svg",
        "icons/clipboard-check-fill.svg",
        "icons/clipboard-check.svg",
        "icons/clipboard-data-fill.svg",
        "icons/clipboard-data.svg",
        "icons/clipboard-fill.svg",
        "icons/clipboard-heart-fill.svg",
        "icons/clipboard-heart.svg",
        "icons/clipboard-minus-fill.svg",
        "icons/clipboard-minus.svg",
        "icons/clipboard-plus-fill.svg",
        "icons/clipboard-plus.svg",
        "icons/clipboard-pulse.svg",
        "icons/clipboard-x-fill.svg",
        "icons/clipboard-x.svg",
        "icons/clipboard.svg",
        "icons/clipboard2-check-fill.svg",
        "icons/clipboard2-check.svg",
        "icons/clipboard2-data-fill.svg",
        "icons/clipboard2-data.svg",
        "icons/clipboard2-fill.svg",
        "icons/clipboard2-heart-fill.svg",
        "icons/clipboard2-heart.svg",
        "icons/clipboard2-minus-fill.svg",
        "icons/clipboard2-minus.svg",
        "icons/clipboard2-plus-fill.svg",
        "icons/clipboard2-plus.svg",
        "icons/clipboard2-pulse-fill.svg",
        "icons/clipboard2-pulse.svg",
        "icons/clipboard2-x-fill.svg",
        "icons/clipboard2-x.svg",
        "icons/clipboard2.svg",
        "icons/clock-fill.svg",
        "icons/clock-history.svg",
        "icons/clock.svg",
        "icons/cloud-arrow-down-fill.svg",
        "icons/cloud-arrow-down.svg",
        "icons/cloud-arrow-up-fill.svg",
        "icons/cloud-arrow-up.svg",
        "icons/cloud-check-fill.svg",
        "icons/cloud-check.svg",
        "icons/cloud-download-fill.svg",
        "icons/cloud-download.svg",
        "icons/cloud-drizzle-fill.svg",
        "icons/cloud-drizzle.svg",
        "icons/cloud-fill.svg",
        "icons/cloud-fog-fill.svg",
        "icons/cloud-fog.svg",
        "icons/cloud-fog2-fill.svg",
        "icons/cloud-fog2.svg",
        "icons/cloud-hail-fill.svg",
        "icons/cloud-hail.svg",
        "icons/cloud-haze-fill.svg",
        "icons/cloud-haze.svg",
        "icons/cloud-haze2-fill.svg",
        "icons/cloud-haze2.svg",
        "icons/cloud-lightning-fill.svg",
        "icons/cloud-lightning-rain-fill.svg",
        "icons/cloud-lightning-rain.svg",
        "icons/cloud-lightning.svg",
        "icons/cloud-minus-fill.svg",
        "icons/cloud-minus.svg",
        "icons/cloud-moon-fill.svg",
        "icons/cloud-moon.svg",
        "icons/cloud-plus-fill.svg",
        "icons/cloud-plus.svg",
        "icons/cloud-rain-fill.svg",
        "icons/cloud-rain-heavy-fill.svg",
        "icons/cloud-rain-heavy.svg",
        "icons/cloud-rain.svg",
        "icons/cloud-slash-fill.svg",
        "icons/cloud-slash.svg",
        "icons/cloud-sleet-fill.svg",
        "icons/cloud-sleet.svg",
        "icons/cloud-snow-fill.svg",
        "icons/cloud-snow.svg",
        "icons/cloud-sun-fill.svg",
        "icons/cloud-sun.svg",
        "icons/cloud-upload-fill.svg",
        "icons/cloud-upload.svg",
        "icons/cloud.svg",
        "icons/clouds-fill.svg",
        "icons/clouds.svg",
        "icons/cloudy-fill.svg",
        "icons/cloudy.svg",
        "icons/code-slash.svg",
        "icons/code-square.svg",
        "icons/code.svg",
        "icons/coin.svg",
        "icons/collection-fill.svg",
        "icons/collection-play-fill.svg",
        "icons/collection-play.svg",
        "icons/collection.svg",
        "icons/columns-gap.svg",
        "icons/columns.svg",
        "icons/command.svg",
        "icons/compass-fill.svg",
        "icons/compass.svg",
        "icons/cone-striped.svg",
        "icons/cone.svg",
        "icons/controller.svg",
        "icons/cpu-fill.svg",
        "icons/cpu.svg",
        "icons/credit-card-2-back-fill.svg",
        "icons/credit-card-2-back.svg",
        "icons/credit-card-2-front-fill.svg",
        "icons/credit-card-2-front.svg",
        "icons/credit-card-fill.svg",
        "icons/credit-card.svg",
        "icons/crop.svg",
        "icons/cup-fill.svg",
        "icons/cup-hot-fill.svg",
        "icons/cup-hot.svg",
        "icons/cup-straw.svg",
        "icons/cup.svg",
        "icons/currency-bitcoin.svg",
        "icons/currency-dollar.svg",
        "icons/currency-euro.svg",
        "icons/currency-exchange.svg",
        "icons/currency-pound.svg",
        "icons/currency-rupee.svg",
        "icons/currency-yen.svg",
        "icons/cursor-fill.svg",
        "icons/cursor-text.svg",
        "icons/cursor.svg",
        "icons/dash-circle-dotted.svg",
        "icons/dash-circle-fill.svg",
        "icons/dash-circle.svg",
        "icons/dash-lg.svg",
        "icons/dash-square-dotted.svg",
        "icons/dash-square-fill.svg",
        "icons/dash-square.svg",
        "icons/dash.svg",
        "icons/database-add.svg",
        "icons/database-check.svg",
        "icons/database-dash.svg",
        "icons/database-down.svg",
        "icons/database-exclamation.svg",
        "icons/database-fill-add.svg",
        "icons/database-fill-check.svg",
        "icons/database-fill-dash.svg",
        "icons/database-fill-down.svg",
        "icons/database-fill-exclamation.svg",
        "icons/database-fill-gear.svg",
        "icons/database-fill-lock.svg",
        "icons/database-fill-slash.svg",
        "icons/database-fill-up.svg",
        "icons/database-fill-x.svg",
        "icons/database-fill.svg",
        "icons/database-gear.svg",
        "icons/database-lock.svg",
        "icons/database-slash.svg",
        "icons/database-up.svg",
        "icons/database-x.svg",
        "icons/database.svg",
        "icons/device-hdd-fill.svg",
        "icons/device-hdd.svg",
        "icons/device-ssd-fill.svg",
        "icons/device-ssd.svg",
        "icons/diagram-2-fill.svg",
        "icons/diagram-2.svg",
        "icons/diagram-3-fill.svg",
        "icons/diagram-3.svg",
        "icons/diamond-fill.svg",
        "icons/diamond-half.svg",
        "icons/diamond.svg",
        "icons/dice-1-fill.svg",
        "icons/dice-1.svg",
        "icons/dice-2-fill.svg",
        "icons/dice-2.svg",
        "icons/dice-3-fill.svg",
        "icons/dice-3.svg",
        "icons/dice-4-fill.svg",
        "icons/dice-4.svg",
        "icons/dice-5-fill.svg",
        "icons/dice-5.svg",
        "icons/dice-6-fill.svg",
        "icons/dice-6.svg",
        "icons/disc-fill.svg",
        "icons/disc.svg",
        "icons/discord.svg",
        "icons/display-fill.svg",
        "icons/display.svg",
        "icons/displayport-fill.svg",
        "icons/displayport.svg",
        "icons/distribute-horizontal.svg",
        "icons/distribute-vertical.svg",
        "icons/door-closed-fill.svg",
        "icons/door-closed.svg",
        "icons/door-open-fill.svg",
        "icons/door-open.svg",
        "icons/dot.svg",
        "icons/download.svg",
        "icons/dpad-fill.svg",
        "icons/dpad.svg",
        "icons/dribbble.svg",
        "icons/dropbox.svg",
        "icons/droplet-fill.svg",
        "icons/droplet-half.svg",
        "icons/droplet.svg",
        "icons/ear-fill.svg",
        "icons/ear.svg",
        "icons/earbuds.svg",
        "icons/easel-fill.svg",
        "icons/easel.svg",
        "icons/easel2-fill.svg",
        "icons/easel2.svg",
        "icons/easel3-fill.svg",
        "icons/easel3.svg",
        "icons/egg-fill.svg",
        "icons/egg-fried.svg",
        "icons/egg.svg",
        "icons/eject-fill.svg",
        "icons/eject.svg",
        "icons/emoji-angry-fill.svg",
        "icons/emoji-angry.svg",
        "icons/emoji-dizzy-fill.svg",
        "icons/emoji-dizzy.svg",
        "icons/emoji-expressionless-fill.svg",
        "icons/emoji-expressionless.svg",
        "icons/emoji-frown-fill.svg",
        "icons/emoji-frown.svg",
        "icons/emoji-heart-eyes-fill.svg",
        "icons/emoji-heart-eyes.svg",
        "icons/emoji-kiss-fill.svg",
        "icons/emoji-kiss.svg",
        "icons/emoji-laughing-fill.svg",
        "icons/emoji-laughing.svg",
        "icons/emoji-neutral-fill.svg",
        "icons/emoji-neutral.svg",
        "icons/emoji-smile-fill.svg",
        "icons/emoji-smile-upside-down-fill.svg",
        "icons/emoji-smile-upside-down.svg",
        "icons/emoji-smile.svg",
        "icons/emoji-sunglasses-fill.svg",
        "icons/emoji-sunglasses.svg",
        "icons/emoji-wink-fill.svg",
        "icons/emoji-wink.svg",
        "icons/envelope-at-fill.svg",
        "icons/envelope-at.svg",
        "icons/envelope-check-fill.svg",
        "icons/envelope-check.svg",
        "icons/envelope-dash-fill.svg",
        "icons/envelope-dash.svg",
        "icons/envelope-exclamation-fill.svg",
        "icons/envelope-exclamation.svg",
        "icons/envelope-fill.svg",
        "icons/envelope-heart-fill.svg",
        "icons/envelope-heart.svg",
        "icons/envelope-open-fill.svg",
        "icons/envelope-open-heart-fill.svg",
        "icons/envelope-open-heart.svg",
        "icons/envelope-open.svg",
        "icons/envelope-paper-fill.svg",
        "icons/envelope-paper-heart-fill.svg",
        "icons/envelope-paper-heart.svg",
        "icons/envelope-paper.svg",
        "icons/envelope-plus-fill.svg",
        "icons/envelope-plus.svg",
        "icons/envelope-slash-fill.svg",
        "icons/envelope-slash.svg",
        "icons/envelope-x-fill.svg",
        "icons/envelope-x.svg",
        "icons/envelope.svg",
        "icons/eraser-fill.svg",
        "icons/eraser.svg",
        "icons/escape.svg",
        "icons/ethernet.svg",
        "icons/ev-front-fill.svg",
        "icons/ev-front.svg",
        "icons/ev-station-fill.svg",
        "icons/ev-station.svg",
        "icons/exclamation-circle-fill.svg",
        "icons/exclamation-circle.svg",
        "icons/exclamation-diamond-fill.svg",
        "icons/exclamation-diamond.svg",
        "icons/exclamation-lg.svg",
        "icons/exclamation-octagon-fill.svg",
        "icons/exclamation-octagon.svg",
        "icons/exclamation-square-fill.svg",
        "icons/exclamation-square.svg",
        "icons/exclamation-triangle-fill.svg",
        "icons/exclamation-triangle.svg",
        "icons/exclamation.svg",
        "icons/exclude.svg",
        "icons/explicit-fill.svg",
        "icons/explicit.svg",
        "icons/eye-fill.svg",
        "icons/eye-slash-fill.svg",
        "icons/eye-slash.svg",
        "icons/eye.svg",
        "icons/eyedropper.svg",
        "icons/eyeglasses.svg",
        "icons/facebook.svg",
        "icons/fan.svg",
        "icons/fast-forward-btn-fill.svg",
        "icons/fast-forward-btn.svg",
        "icons/fast-forward-circle-fill.svg",
        "icons/fast-forward-circle.svg",
        "icons/fast-forward-fill.svg",
        "icons/fast-forward.svg",
        "icons/file-arrow-down-fill.svg",
        "icons/file-arrow-down.svg",
        "icons/file-arrow-up-fill.svg",
        "icons/file-arrow-up.svg",
        "icons/file-bar-graph-fill.svg",
        "icons/file-bar-graph.svg",
        "icons/file-binary-fill.svg",
        "icons/file-binary.svg",
        "icons/file-break-fill.svg",
        "icons/file-break.svg",
        "icons/file-check-fill.svg",
        "icons/file-check.svg",
        "icons/file-code-fill.svg",
        "icons/file-code.svg",
        "icons/file-diff-fill.svg",
        "icons/file-diff.svg",
        "icons/file-earmark-arrow-down-fill.svg",
        "icons/file-earmark-arrow-down.svg",
        "icons/file-earmark-arrow-up-fill.svg",
        "icons/file-earmark-arrow-up.svg",
        "icons/file-earmark-bar-graph-fill.svg",
        "icons/file-earmark-bar-graph.svg",
        "icons/file-earmark-binary-fill.svg",
        "icons/file-earmark-binary.svg",
        "icons/file-earmark-break-fill.svg",
        "icons/file-earmark-break.svg",
        "icons/file-earmark-check-fill.svg",
        "icons/file-earmark-check.svg",
        "icons/file-earmark-code-fill.svg",
        "icons/file-earmark-code.svg",
        "icons/file-earmark-diff-fill.svg",
        "icons/file-earmark-diff.svg",
        "icons/file-earmark-easel-fill.svg",
        "icons/file-earmark-easel.svg",
        "icons/file-earmark-excel-fill.svg",
        "icons/file-earmark-excel.svg",
        "icons/file-earmark-fill.svg",
        "icons/file-earmark-font-fill.svg",
        "icons/file-earmark-font.svg",
        "icons/file-earmark-image-fill.svg",
        "icons/file-earmark-image.svg",
        "icons/file-earmark-lock-fill.svg",
        "icons/file-earmark-lock.svg",
        "icons/file-earmark-lock2-fill.svg",
        "icons/file-earmark-lock2.svg",
        "icons/file-earmark-medical-fill.svg",
        "icons/file-earmark-medical.svg",
        "icons/file-earmark-minus-fill.svg",
        "icons/file-earmark-minus.svg",
        "icons/file-earmark-music-fill.svg",
        "icons/file-earmark-music.svg",
        "icons/file-earmark-pdf-fill.svg",
        "icons/file-earmark-pdf.svg",
        "icons/file-earmark-person-fill.svg",
        "icons/file-earmark-person.svg",
        "icons/file-earmark-play-fill.svg",
        "icons/file-earmark-play.svg",
        "icons/file-earmark-plus-fill.svg",
        "icons/file-earmark-plus.svg",
        "icons/file-earmark-post-fill.svg",
        "icons/file-earmark-post.svg",
        "icons/file-earmark-ppt-fill.svg",
        "icons/file-earmark-ppt.svg",
        "icons/file-earmark-richtext-fill.svg",
        "icons/file-earmark-richtext.svg",
        "icons/file-earmark-ruled-fill.svg",
        "icons/file-earmark-ruled.svg",
        "icons/file-earmark-slides-fill.svg",
        "icons/file-earmark-slides.svg",
        "icons/file-earmark-spreadsheet-fill.svg",
        "icons/file-earmark-spreadsheet.svg",
        "icons/file-earmark-text-fill.svg",
        "icons/file-earmark-text.svg",
        "icons/file-earmark-word-fill.svg",
        "icons/file-earmark-word.svg",
        "icons/file-earmark-x-fill.svg",
        "icons/file-earmark-x.svg",
        "icons/file-earmark-zip-fill.svg",
        "icons/file-earmark-zip.svg",
        "icons/file-earmark.svg",
        "icons/file-easel-fill.svg",
        "icons/file-easel.svg",
        "icons/file-excel-fill.svg",
        "icons/file-excel.svg",
        "icons/file-fill.svg",
        "icons/file-font-fill.svg",
        "icons/file-font.svg",
        "icons/file-image-fill.svg",
        "icons/file-image.svg",
        "icons/file-lock-fill.svg",
        "icons/file-lock.svg",
        "icons/file-lock2-fill.svg",
        "icons/file-lock2.svg",
        "icons/file-medical-fill.svg",
        "icons/file-medical.svg",
        "icons/file-minus-fill.svg",
        "icons/file-minus.svg",
        "icons/file-music-fill.svg",
        "icons/file-music.svg",
        "icons/file-pdf-fill.svg",
        "icons/file-pdf.svg",
        "icons/file-person-fill.svg",
        "icons/file-person.svg",
        "icons/file-play-fill.svg",
        "icons/file-play.svg",
        "icons/file-plus-fill.svg",
        "icons/file-plus.svg",
        "icons/file-post-fill.svg",
        "icons/file-post.svg",
        "icons/file-ppt-fill.svg",
        "icons/file-ppt.svg",
        "icons/file-richtext-fill.svg",
        "icons/file-richtext.svg",
        "icons/file-ruled-fill.svg",
        "icons/file-ruled.svg",
        "icons/file-slides-fill.svg",
        "icons/file-slides.svg",
        "icons/file-spreadsheet-fill.svg",
        "icons/file-spreadsheet.svg",
        "icons/file-text-fill.svg",
        "icons/file-text.svg",
        "icons/file-word-fill.svg",
        "icons/file-word.svg",
        "icons/file-x-fill.svg",
        "icons/file-x.svg",
        "icons/file-zip-fill.svg",
        "icons/file-zip.svg",
        "icons/file.svg",
        "icons/files-alt.svg",
        "icons/files.svg",
        "icons/filetype-aac.svg",
        "icons/filetype-ai.svg",
        "icons/filetype-bmp.svg",
        "icons/filetype-cs.svg",
        "icons/filetype-css.svg",
        "icons/filetype-csv.svg",
        "icons/filetype-doc.svg",
        "icons/filetype-docx.svg",
        "icons/filetype-exe.svg",
        "icons/filetype-gif.svg",
        "icons/filetype-heic.svg",
        "icons/filetype-html.svg",
        "icons/filetype-java.svg",
        "icons/filetype-jpg.svg",
        "icons/filetype-js.svg",
        "icons/filetype-json.svg",
        "icons/filetype-jsx.svg",
        "icons/filetype-key.svg",
        "icons/filetype-m4p.svg",
        "icons/filetype-md.svg",
        "icons/filetype-mdx.svg",
        "icons/filetype-mov.svg",
        "icons/filetype-mp3.svg",
        "icons/filetype-mp4.svg",
        "icons/filetype-otf.svg",
        "icons/filetype-pdf.svg",
        "icons/filetype-php.svg",
        "icons/filetype-png.svg",
        "icons/filetype-ppt.svg",
        "icons/filetype-pptx.svg",
        "icons/filetype-psd.svg",
        "icons/filetype-py.svg",
        "icons/filetype-raw.svg",
        "icons/filetype-rb.svg",
        "icons/filetype-sass.svg",
        "icons/filetype-scss.svg",
        "icons/filetype-sh.svg",
        "icons/filetype-sql.svg",
        "icons/filetype-svg.svg",
        "icons/filetype-tiff.svg",
        "icons/filetype-tsx.svg",
        "icons/filetype-ttf.svg",
        "icons/filetype-txt.svg",
        "icons/filetype-wav.svg",
        "icons/filetype-woff.svg",
        "icons/filetype-xls.svg",
        "icons/filetype-xlsx.svg",
        "icons/filetype-xml.svg",
        "icons/filetype-yml.svg",
        "icons/film.svg",
        "icons/filter-circle-fill.svg",
        "icons/filter-circle.svg",
        "icons/filter-left.svg",
        "icons/filter-right.svg",
        "icons/filter-square-fill.svg",
        "icons/filter-square.svg",
        "icons/filter.svg",
        "icons/fingerprint.svg",
        "icons/fire.svg",
        "icons/flag-fill.svg",
        "icons/flag.svg",
        "icons/flower1.svg",
        "icons/flower2.svg",
        "icons/flower3.svg",
        "icons/folder-check.svg",
        "icons/folder-fill.svg",
        "icons/folder-minus.svg",
        "icons/folder-plus.svg",
        "icons/folder-symlink-fill.svg",
        "icons/folder-symlink.svg",
        "icons/folder-x.svg",
        "icons/folder.svg",
        "icons/folder2-open.svg",
        "icons/folder2.svg",
        "icons/fonts.svg",
        "icons/forward-fill.svg",
        "icons/forward.svg",
        "icons/front.svg",
        "icons/fuel-pump-diesel-fill.svg",
        "icons/fuel-pump-diesel.svg",
        "icons/fuel-pump-fill.svg",
        "icons/fuel-pump.svg",
        "icons/fullscreen-exit.svg",
        "icons/fullscreen.svg",
        "icons/funnel-fill.svg",
        "icons/funnel.svg",
        "icons/gear-fill.svg",
        "icons/gear-wide-connected.svg",
        "icons/gear-wide.svg",
        "icons/gear.svg",
        "icons/gem.svg",
        "icons/gender-ambiguous.svg",
        "icons/gender-female.svg",
        "icons/gender-male.svg",
        "icons/gender-trans.svg",
        "icons/geo-alt-fill.svg",
        "icons/geo-alt.svg",
        "icons/geo-fill.svg",
        "icons/geo.svg",
        "icons/gift-fill.svg",
        "icons/gift.svg",
        "icons/git.svg",
        "icons/github.svg",
        "icons/globe-americas.svg",
        "icons/globe-asia-australia.svg",
        "icons/globe-central-south-asia.svg",
        "icons/globe-europe-africa.svg",
        "icons/globe.svg",
        "icons/globe2.svg",
        "icons/google-play.svg",
        "icons/google.svg",
        "icons/gpu-card.svg",
        "icons/graph-down-arrow.svg",
        "icons/graph-down.svg",
        "icons/graph-up-arrow.svg",
        "icons/graph-up.svg",
        "icons/grid-1x2-fill.svg",
        "icons/grid-1x2.svg",
        "icons/grid-3x2-gap-fill.svg",
        "icons/grid-3x2-gap.svg",
        "icons/grid-3x2.svg",
        "icons/grid-3x3-gap-fill.svg",
        "icons/grid-3x3-gap.svg",
        "icons/grid-3x3.svg",
        "icons/grid-fill.svg",
        "icons/grid.svg",
        "icons/grip-horizontal.svg",
        "icons/grip-vertical.svg",
        "icons/h-circle-fill.svg",
        "icons/h-circle.svg",
        "icons/h-square-fill.svg",
        "icons/h-square.svg",
        "icons/hammer.svg",
        "icons/hand-index-fill.svg",
        "icons/hand-index-thumb-fill.svg",
        "icons/hand-index-thumb.svg",
        "icons/hand-index.svg",
        "icons/hand-thumbs-down-fill.svg",
        "icons/hand-thumbs-down.svg",
        "icons/hand-thumbs-up-fill.svg",
        "icons/hand-thumbs-up.svg",
        "icons/handbag-fill.svg",
        "icons/handbag.svg",
        "icons/hash.svg",
        "icons/hdd-fill.svg",
        "icons/hdd-network-fill.svg",
        "icons/hdd-network.svg",
        "icons/hdd-rack-fill.svg",
        "icons/hdd-rack.svg",
        "icons/hdd-stack-fill.svg",
        "icons/hdd-stack.svg",
        "icons/hdd.svg",
        "icons/hdmi-fill.svg",
        "icons/hdmi.svg",
        "icons/headphones.svg",
        "icons/headset-vr.svg",
        "icons/headset.svg",
        "icons/heart-arrow.svg",
        "icons/heart-fill.svg",
        "icons/heart-half.svg",
        "icons/heart-pulse-fill.svg",
        "icons/heart-pulse.svg",
        "icons/heart.svg",
        "icons/heartbreak-fill.svg",
        "icons/heartbreak.svg",
        "icons/hearts.svg",
        "icons/heptagon-fill.svg",
        "icons/heptagon-half.svg",
        "icons/heptagon.svg",
        "icons/hexagon-fill.svg",
        "icons/hexagon-half.svg",
        "icons/hexagon.svg",
        "icons/hospital-fill.svg",
        "icons/hospital.svg",
        "icons/hourglass-bottom.svg",
        "icons/hourglass-split.svg",
        "icons/hourglass-top.svg",
        "icons/hourglass.svg",
        "icons/house-add-fill.svg",
        "icons/house-add.svg",
        "icons/house-check-fill.svg",
        "icons/house-check.svg",
        "icons/house-dash-fill.svg",
        "icons/house-dash.svg",
        "icons/house-door-fill.svg",
        "icons/house-door.svg",
        "icons/house-down-fill.svg",
        "icons/house-down.svg",
        "icons/house-exclamation-fill.svg",
        "icons/house-exclamation.svg",
        "icons/house-fill.svg",
        "icons/house-gear-fill.svg",
        "icons/house-gear.svg",
        "icons/house-heart-fill.svg",
        "icons/house-heart.svg",
        "icons/house-lock-fill.svg",
        "icons/house-lock.svg",
        "icons/house-slash-fill.svg",
        "icons/house-slash.svg",
        "icons/house-up-fill.svg",
        "icons/house-up.svg",
        "icons/house-x-fill.svg",
        "icons/house-x.svg",
        "icons/house.svg",
        "icons/houses-fill.svg",
        "icons/houses.svg",
        "icons/hr.svg",
        "icons/hurricane.svg",
        "icons/hypnotize.svg",
        "icons/image-alt.svg",
        "icons/image-fill.svg",
        "icons/image.svg",
        "icons/images.svg",
        "icons/inbox-fill.svg",
        "icons/inbox.svg",
        "icons/inboxes-fill.svg",
        "icons/inboxes.svg",
        "icons/incognito.svg",
        "icons/indent.svg",
        "icons/infinity.svg",
        "icons/info-circle-fill.svg",
        "icons/info-circle.svg",
        "icons/info-lg.svg",
        "icons/info-square-fill.svg",
        "icons/info-square.svg",
        "icons/info.svg",
        "icons/input-cursor-text.svg",
        "icons/input-cursor.svg",
        "icons/instagram.svg",
        "icons/intersect.svg",
        "icons/journal-album.svg",
        "icons/journal-arrow-down.svg",
        "icons/journal-arrow-up.svg",
        "icons/journal-bookmark-fill.svg",
        "icons/journal-bookmark.svg",
        "icons/journal-check.svg",
        "icons/journal-code.svg",
        "icons/journal-medical.svg",
        "icons/journal-minus.svg",
        "icons/journal-plus.svg",
        "icons/journal-richtext.svg",
        "icons/journal-text.svg",
        "icons/journal-x.svg",
        "icons/journal.svg",
        "icons/journals.svg",
        "icons/joystick.svg",
        "icons/justify-left.svg",
        "icons/justify-right.svg",
        "icons/justify.svg",
        "icons/kanban-fill.svg",
        "icons/kanban.svg",
        "icons/key-fill.svg",
        "icons/key.svg",
        "icons/keyboard-fill.svg",
        "icons/keyboard.svg",
        "icons/ladder.svg",
        "icons/lamp-fill.svg",
        "icons/lamp.svg",
        "icons/laptop-fill.svg",
        "icons/laptop.svg",
        "icons/layer-backward.svg",
        "icons/layer-forward.svg",
        "icons/layers-fill.svg",
        "icons/layers-half.svg",
        "icons/layers.svg",
        "icons/layout-sidebar-inset-reverse.svg",
        "icons/layout-sidebar-inset.svg",
        "icons/layout-sidebar-reverse.svg",
        "icons/layout-sidebar.svg",
        "icons/layout-split.svg",
        "icons/layout-text-sidebar-reverse.svg",
        "icons/layout-text-sidebar.svg",
        "icons/layout-text-window-reverse.svg",
        "icons/layout-text-window.svg",
        "icons/layout-three-columns.svg",
        "icons/layout-wtf.svg",
        "icons/life-preserver.svg",
        "icons/lightbulb-fill.svg",
        "icons/lightbulb-off-fill.svg",
        "icons/lightbulb-off.svg",
        "icons/lightbulb.svg",
        "icons/lightning-charge-fill.svg",
        "icons/lightning-charge.svg",
        "icons/lightning-fill.svg",
        "icons/lightning.svg",
        "icons/line.svg",
        "icons/link-45deg.svg",
        "icons/link.svg",
        "icons/linkedin.svg",
        "icons/list-check.svg",
        "icons/list-columns-reverse.svg",
        "icons/list-columns.svg",
        "icons/list-nested.svg",
        "icons/list-ol.svg",
        "icons/list-stars.svg",
        "icons/list-task.svg",
        "icons/list-ul.svg",
        "icons/list.svg",
        "icons/lock-fill.svg",
        "icons/lock.svg",
        "icons/lungs-fill.svg",
        "icons/lungs.svg",
        "icons/magic.svg",
        "icons/magnet-fill.svg",
        "icons/magnet.svg",
        "icons/mailbox.svg",
        "icons/mailbox2.svg",
        "icons/map-fill.svg",
        "icons/map.svg",
        "icons/markdown-fill.svg",
        "icons/markdown.svg",
        "icons/mask.svg",
        "icons/mastodon.svg",
        "icons/medium.svg",
        "icons/megaphone-fill.svg",
        "icons/megaphone.svg",
        "icons/memory.svg",
        "icons/menu-app-fill.svg",
        "icons/menu-app.svg",
        "icons/menu-button-fill.svg",
        "icons/menu-button-wide-fill.svg",
        "icons/menu-button-wide.svg",
        "icons/menu-button.svg",
        "icons/menu-down.svg",
        "icons/menu-up.svg",
        "icons/messenger.svg",
        "icons/meta.svg",
        "icons/mic-fill.svg",
        "icons/mic-mute-fill.svg",
        "icons/mic-mute.svg",
        "icons/mic.svg",
        "icons/microsoft-teams.svg",
        "icons/microsoft.svg",
        "icons/minecart-loaded.svg",
        "icons/minecart.svg",
        "icons/modem-fill.svg",
        "icons/modem.svg",
        "icons/moisture.svg",
        "icons/moon-fill.svg",
        "icons/moon-stars-fill.svg",
        "icons/moon-stars.svg",
        "icons/moon.svg",
        "icons/mortarboard-fill.svg",
        "icons/mortarboard.svg",
        "icons/motherboard-fill.svg",
        "icons/motherboard.svg",
        "icons/mouse-fill.svg",
        "icons/mouse.svg",
        "icons/mouse2-fill.svg",
        "icons/mouse2.svg",
        "icons/mouse3-fill.svg",
        "icons/mouse3.svg",
        "icons/music-note-beamed.svg",
        "icons/music-note-list.svg",
        "icons/music-note.svg",
        "icons/music-player-fill.svg",
        "icons/music-player.svg",
        "icons/newspaper.svg",
        "icons/nintendo-switch.svg",
        "icons/node-minus-fill.svg",
        "icons/node-minus.svg",
        "icons/node-plus-fill.svg",
        "icons/node-plus.svg",
        "icons/nut-fill.svg",
        "icons/nut.svg",
        "icons/nvidia.svg",
        "icons/octagon-fill.svg",
        "icons/octagon-half.svg",
        "icons/octagon.svg",
        "icons/optical-audio-fill.svg",
        "icons/optical-audio.svg",
        "icons/option.svg",
        "icons/outlet.svg",
        "icons/p-circle-fill.svg",
        "icons/p-circle.svg",
        "icons/p-square-fill.svg",
        "icons/p-square.svg",
        "icons/paint-bucket.svg",
        "icons/palette-fill.svg",
        "icons/palette.svg",
        "icons/palette2.svg",
        "icons/paperclip.svg",
        "icons/paragraph.svg",
        "icons/pass-fill.svg",
        "icons/pass.svg",
        "icons/patch-check-fill.svg",
        "icons/patch-check.svg",
        "icons/patch-exclamation-fill.svg",
        "icons/patch-exclamation.svg",
        "icons/patch-minus-fill.svg",
        "icons/patch-minus.svg",
        "icons/patch-plus-fill.svg",
        "icons/patch-plus.svg",
        "icons/patch-question-fill.svg",
        "icons/patch-question.svg",
        "icons/pause-btn-fill.svg",
        "icons/pause-btn.svg",
        "icons/pause-circle-fill.svg",
        "icons/pause-circle.svg",
        "icons/pause-fill.svg",
        "icons/pause.svg",
        "icons/paypal.svg",
        "icons/pc-display-horizontal.svg",
        "icons/pc-display.svg",
        "icons/pc-horizontal.svg",
        "icons/pc.svg",
        "icons/pci-card.svg",
        "icons/peace-fill.svg",
        "icons/peace.svg",
        "icons/pen-fill.svg",
        "icons/pen.svg",
        "icons/pencil-fill.svg",
        "icons/pencil-square.svg",
        "icons/pencil.svg",
        "icons/pentagon-fill.svg",
        "icons/pentagon-half.svg",
        "icons/pentagon.svg",
        "icons/people-fill.svg",
        "icons/people.svg",
        "icons/percent.svg",
        "icons/person-add.svg",
        "icons/person-badge-fill.svg",
        "icons/person-badge.svg",
        "icons/person-bounding-box.svg",
        "icons/person-check-fill.svg",
        "icons/person-check.svg",
        "icons/person-circle.svg",
        "icons/person-dash-fill.svg",
        "icons/person-dash.svg",
        "icons/person-down.svg",
        "icons/person-exclamation.svg",
        "icons/person-fill-add.svg",
        "icons/person-fill-check.svg",
        "icons/person-fill-dash.svg",
        "icons/person-fill-down.svg",
        "icons/person-fill-exclamation.svg",
        "icons/person-fill-gear.svg",
        "icons/person-fill-lock.svg",
        "icons/person-fill-slash.svg",
        "icons/person-fill-up.svg",
        "icons/person-fill-x.svg",
        "icons/person-fill.svg",
        "icons/person-gear.svg",
        "icons/person-heart.svg",
        "icons/person-hearts.svg",
        "icons/person-lines-fill.svg",
        "icons/person-lock.svg",
        "icons/person-plus-fill.svg",
        "icons/person-plus.svg",
        "icons/person-rolodex.svg",
        "icons/person-slash.svg",
        "icons/person-square.svg",
        "icons/person-up.svg",
        "icons/person-vcard-fill.svg",
        "icons/person-vcard.svg",
        "icons/person-video.svg",
        "icons/person-video2.svg",
        "icons/person-video3.svg",
        "icons/person-workspace.svg",
        "icons/person-x-fill.svg",
        "icons/person-x.svg",
        "icons/person.svg",
        "icons/phone-fill.svg",
        "icons/phone-flip.svg",
        "icons/phone-landscape-fill.svg",
        "icons/phone-landscape.svg",
        "icons/phone-vibrate-fill.svg",
        "icons/phone-vibrate.svg",
        "icons/phone.svg",
        "icons/pie-chart-fill.svg",
        "icons/pie-chart.svg",
        "icons/piggy-bank-fill.svg",
        "icons/piggy-bank.svg",
        "icons/pin-angle-fill.svg",
        "icons/pin-angle.svg",
        "icons/pin-fill.svg",
        "icons/pin-map-fill.svg",
        "icons/pin-map.svg",
        "icons/pin.svg",
        "icons/pinterest.svg",
        "icons/pip-fill.svg",
        "icons/pip.svg",
        "icons/play-btn-fill.svg",
        "icons/play-btn.svg",
        "icons/play-circle-fill.svg",
        "icons/play-circle.svg",
        "icons/play-fill.svg",
        "icons/play.svg",
        "icons/playstation.svg",
        "icons/plug-fill.svg",
        "icons/plug.svg",
        "icons/plugin.svg",
        "icons/plus-circle-dotted.svg",
        "icons/plus-circle-fill.svg",
        "icons/plus-circle.svg",
        "icons/plus-lg.svg",
        "icons/plus-slash-minus.svg",
        "icons/plus-square-dotted.svg",
        "icons/plus-square-fill.svg",
        "icons/plus-square.svg",
        "icons/plus.svg",
        "icons/postage-fill.svg",
        "icons/postage-heart-fill.svg",
        "icons/postage-heart.svg",
        "icons/postage.svg",
        "icons/postcard-fill.svg",
        "icons/postcard-heart-fill.svg",
        "icons/postcard-heart.svg",
        "icons/postcard.svg",
        "icons/power.svg",
        "icons/prescription.svg",
        "icons/prescription2.svg",
        "icons/printer-fill.svg",
        "icons/printer.svg",
        "icons/projector-fill.svg",
        "icons/projector.svg",
        "icons/puzzle-fill.svg",
        "icons/puzzle.svg",
        "icons/qr-code-scan.svg",
        "icons/qr-code.svg",
        "icons/question-circle-fill.svg",
        "icons/question-circle.svg",
        "icons/question-diamond-fill.svg",
        "icons/question-diamond.svg",
        "icons/question-lg.svg",
        "icons/question-octagon-fill.svg",
        "icons/question-octagon.svg",
        "icons/question-square-fill.svg",
        "icons/question-square.svg",
        "icons/question.svg",
        "icons/quora.svg",
        "icons/quote.svg",
        "icons/r-circle-fill.svg",
        "icons/r-circle.svg",
        "icons/r-square-fill.svg",
        "icons/r-square.svg",
        "icons/radioactive.svg",
        "icons/rainbow.svg",
        "icons/receipt-cutoff.svg",
        "icons/receipt.svg",
        "icons/reception-0.svg",
        "icons/reception-1.svg",
        "icons/reception-2.svg",
        "icons/reception-3.svg",
        "icons/reception-4.svg",
        "icons/record-btn-fill.svg",
        "icons/record-btn.svg",
        "icons/record-circle-fill.svg",
        "icons/record-circle.svg",
        "icons/record-fill.svg",
        "icons/record.svg",
        "icons/record2-fill.svg",
        "icons/record2.svg",
        "icons/recycle.svg",
        "icons/reddit.svg",
        "icons/regex.svg",
        "icons/repeat-1.svg",
        "icons/repeat.svg",
        "icons/reply-all-fill.svg",
        "icons/reply-all.svg",
        "icons/reply-fill.svg",
        "icons/reply.svg",
        "icons/rewind-btn-fill.svg",
        "icons/rewind-btn.svg",
        "icons/rewind-circle-fill.svg",
        "icons/rewind-circle.svg",
        "icons/rewind-fill.svg",
        "icons/rewind.svg",
        "icons/robot.svg",
        "icons/rocket-fill.svg",
        "icons/rocket-takeoff-fill.svg",
        "icons/rocket-takeoff.svg",
        "icons/rocket.svg",
        "icons/router-fill.svg",
        "icons/router.svg",
        "icons/rss-fill.svg",
        "icons/rss.svg",
        "icons/rulers.svg",
        "icons/safe-fill.svg",
        "icons/safe.svg",
        "icons/safe2-fill.svg",
        "icons/safe2.svg",
        "icons/save-fill.svg",
        "icons/save.svg",
        "icons/save2-fill.svg",
        "icons/save2.svg",
        "icons/scissors.svg",
        "icons/scooter.svg",
        "icons/screwdriver.svg",
        "icons/sd-card-fill.svg",
        "icons/sd-card.svg",
        "icons/search-heart-fill.svg",
        "icons/search-heart.svg",
        "icons/search.svg",
        "icons/segmented-nav.svg",
        "icons/send-check-fill.svg",
        "icons/send-check.svg",
        "icons/send-dash-fill.svg",
        "icons/send-dash.svg",
        "icons/send-exclamation-fill.svg",
        "icons/send-exclamation.svg",
        "icons/send-fill.svg",
        "icons/send-plus-fill.svg",
        "icons/send-plus.svg",
        "icons/send-slash-fill.svg",
        "icons/send-slash.svg",
        "icons/send-x-fill.svg",
        "icons/send-x.svg",
        "icons/send.svg",
        "icons/server.svg",
        "icons/share-fill.svg",
        "icons/share.svg",
        "icons/shield-check.svg",
        "icons/shield-exclamation.svg",
        "icons/shield-fill-check.svg",
        "icons/shield-fill-exclamation.svg",
        "icons/shield-fill-minus.svg",
        "icons/shield-fill-plus.svg",
        "icons/shield-fill-x.svg",
        "icons/shield-fill.svg",
        "icons/shield-lock-fill.svg",
        "icons/shield-lock.svg",
        "icons/shield-minus.svg",
        "icons/shield-plus.svg",
        "icons/shield-shaded.svg",
        "icons/shield-slash-fill.svg",
        "icons/shield-slash.svg",
        "icons/shield-x.svg",
        "icons/shield.svg",
        "icons/shift-fill.svg",
        "icons/shift.svg",
        "icons/shop-window.svg",
        "icons/shop.svg",
        "icons/shuffle.svg",
        "icons/sign-dead-end-fill.svg",
        "icons/sign-dead-end.svg",
        "icons/sign-do-not-enter-fill.svg",
        "icons/sign-do-not-enter.svg",
        "icons/sign-intersection-fill.svg",
        "icons/sign-intersection-side-fill.svg",
        "icons/sign-intersection-side.svg",
        "icons/sign-intersection-t-fill.svg",
        "icons/sign-intersection-t.svg",
        "icons/sign-intersection-y-fill.svg",
        "icons/sign-intersection-y.svg",
        "icons/sign-intersection.svg",
        "icons/sign-merge-left-fill.svg",
        "icons/sign-merge-left.svg",
        "icons/sign-merge-right-fill.svg",
        "icons/sign-merge-right.svg",
        "icons/sign-no-left-turn-fill.svg",
        "icons/sign-no-left-turn.svg",
        "icons/sign-no-parking-fill.svg",
        "icons/sign-no-parking.svg",
        "icons/sign-no-right-turn-fill.svg",
        "icons/sign-no-right-turn.svg",
        "icons/sign-railroad-fill.svg",
        "icons/sign-railroad.svg",
        "icons/sign-stop-fill.svg",
        "icons/sign-stop-lights-fill.svg",
        "icons/sign-stop-lights.svg",
        "icons/sign-stop.svg",
        "icons/sign-turn-left-fill.svg",
        "icons/sign-turn-left.svg",
        "icons/sign-turn-right-fill.svg",
        "icons/sign-turn-right.svg",
        "icons/sign-turn-slight-left-fill.svg",
        "icons/sign-turn-slight-left.svg",
        "icons/sign-turn-slight-right-fill.svg",
        "icons/sign-turn-slight-right.svg",
        "icons/sign-yield-fill.svg",
        "icons/sign-yield.svg",
        "icons/signal.svg",
        "icons/signpost-2-fill.svg",
        "icons/signpost-2.svg",
        "icons/signpost-fill.svg",
        "icons/signpost-split-fill.svg",
        "icons/signpost-split.svg",
        "icons/signpost.svg",
        "icons/sim-fill.svg",
        "icons/sim.svg",
        "icons/sina-weibo.svg",
        "icons/skip-backward-btn-fill.svg",
        "icons/skip-backward-btn.svg",
        "icons/skip-backward-circle-fill.svg",
        "icons/skip-backward-circle.svg",
        "icons/skip-backward-fill.svg",
        "icons/skip-backward.svg",
        "icons/skip-end-btn-fill.svg",
        "icons/skip-end-btn.svg",
        "icons/skip-end-circle-fill.svg",
        "icons/skip-end-circle.svg",
        "icons/skip-end-fill.svg",
        "icons/skip-end.svg",
        "icons/skip-forward-btn-fill.svg",
        "icons/skip-forward-btn.svg",
        "icons/skip-forward-circle-fill.svg",
        "icons/skip-forward-circle.svg",
        "icons/skip-forward-fill.svg",
        "icons/skip-forward.svg",
        "icons/skip-start-btn-fill.svg",
        "icons/skip-start-btn.svg",
        "icons/skip-start-circle-fill.svg",
        "icons/skip-start-circle.svg",
        "icons/skip-start-fill.svg",
        "icons/skip-start.svg",
        "icons/skype.svg",
        "icons/slack.svg",
        "icons/slash-circle-fill.svg",
        "icons/slash-circle.svg",
        "icons/slash-lg.svg",
        "icons/slash-square-fill.svg",
        "icons/slash-square.svg",
        "icons/slash.svg",
        "icons/sliders.svg",
        "icons/sliders2-vertical.svg",
        "icons/sliders2.svg",
        "icons/smartwatch.svg",
        "icons/snapchat.svg",
        "icons/snow.svg",
        "icons/snow2.svg",
        "icons/snow3.svg",
        "icons/sort-alpha-down-alt.svg",
        "icons/sort-alpha-down.svg",
        "icons/sort-alpha-up-alt.svg",
        "icons/sort-alpha-up.svg",
        "icons/sort-down-alt.svg",
        "icons/sort-down.svg",
        "icons/sort-numeric-down-alt.svg",
        "icons/sort-numeric-down.svg",
        "icons/sort-numeric-up-alt.svg",
        "icons/sort-numeric-up.svg",
        "icons/sort-up-alt.svg",
        "icons/sort-up.svg",
        "icons/soundwave.svg",
        "icons/speaker-fill.svg",
        "icons/speaker.svg",
        "icons/speedometer.svg",
        "icons/speedometer2.svg",
        "icons/spellcheck.svg",
        "icons/spotify.svg",
        "icons/square-fill.svg",
        "icons/square-half.svg",
        "icons/square.svg",
        "icons/stack-overflow.svg",
        "icons/stack.svg",
        "icons/star-fill.svg",
        "icons/star-half.svg",
        "icons/star.svg",
        "icons/stars.svg",
        "icons/steam.svg",
        "icons/stickies-fill.svg",
        "icons/stickies.svg",
        "icons/sticky-fill.svg",
        "icons/sticky.svg",
        "icons/stop-btn-fill.svg",
        "icons/stop-btn.svg",
        "icons/stop-circle-fill.svg",
        "icons/stop-circle.svg",
        "icons/stop-fill.svg",
        "icons/stop.svg",
        "icons/stoplights-fill.svg",
        "icons/stoplights.svg",
        "icons/stopwatch-fill.svg",
        "icons/stopwatch.svg",
        "icons/strava.svg",
        "icons/stripe.svg",
        "icons/subscript.svg",
        "icons/subtract.svg",
        "icons/suit-club-fill.svg",
        "icons/suit-club.svg",
        "icons/suit-diamond-fill.svg",
        "icons/suit-diamond.svg",
        "icons/suit-heart-fill.svg",
        "icons/suit-heart.svg",
        "icons/suit-spade-fill.svg",
        "icons/suit-spade.svg",
        "icons/sun-fill.svg",
        "icons/sun.svg",
        "icons/sunglasses.svg",
        "icons/sunrise-fill.svg",
        "icons/sunrise.svg",
        "icons/sunset-fill.svg",
        "icons/sunset.svg",
        "icons/superscript.svg",
        "icons/symmetry-horizontal.svg",
        "icons/symmetry-vertical.svg",
        "icons/table.svg",
        "icons/tablet-fill.svg",
        "icons/tablet-landscape-fill.svg",
        "icons/tablet-landscape.svg",
        "icons/tablet.svg",
        "icons/tag-fill.svg",
        "icons/tag.svg",
        "icons/tags-fill.svg",
        "icons/tags.svg",
        "icons/taxi-front-fill.svg",
        "icons/taxi-front.svg",
        "icons/telegram.svg",
        "icons/telephone-fill.svg",
        "icons/telephone-forward-fill.svg",
        "icons/telephone-forward.svg",
        "icons/telephone-inbound-fill.svg",
        "icons/telephone-inbound.svg",
        "icons/telephone-minus-fill.svg",
        "icons/telephone-minus.svg",
        "icons/telephone-outbound-fill.svg",
        "icons/telephone-outbound.svg",
        "icons/telephone-plus-fill.svg",
        "icons/telephone-plus.svg",
        "icons/telephone-x-fill.svg",
        "icons/telephone-x.svg",
        "icons/telephone.svg",
        "icons/tencent-qq.svg",
        "icons/terminal-dash.svg",
        "icons/terminal-fill.svg",
        "icons/terminal-plus.svg",
        "icons/terminal-split.svg",
        "icons/terminal-x.svg",
        "icons/terminal.svg",
        "icons/text-center.svg",
        "icons/text-indent-left.svg",
        "icons/text-indent-right.svg",
        "icons/text-left.svg",
        "icons/text-paragraph.svg",
        "icons/text-right.svg",
        "icons/text-wrap.svg",
        "icons/textarea-resize.svg",
        "icons/textarea-t.svg",
        "icons/textarea.svg",
        "icons/thermometer-half.svg",
        "icons/thermometer-high.svg",
        "icons/thermometer-low.svg",
        "icons/thermometer-snow.svg",
        "icons/thermometer-sun.svg",
        "icons/thermometer.svg",
        "icons/three-dots-vertical.svg",
        "icons/three-dots.svg",
        "icons/thunderbolt-fill.svg",
        "icons/thunderbolt.svg",
        "icons/ticket-detailed-fill.svg",
        "icons/ticket-detailed.svg",
        "icons/ticket-fill.svg",
        "icons/ticket-perforated-fill.svg",
        "icons/ticket-perforated.svg",
        "icons/ticket.svg",
        "icons/tiktok.svg",
        "icons/toggle-off.svg",
        "icons/toggle-on.svg",
        "icons/toggle2-off.svg",
        "icons/toggle2-on.svg",
        "icons/toggles.svg",
        "icons/toggles2.svg",
        "icons/tools.svg",
        "icons/tornado.svg",
        "icons/train-freight-front-fill.svg",
        "icons/train-freight-front.svg",
        "icons/train-front-fill.svg",
        "icons/train-front.svg",
        "icons/train-lightrail-front-fill.svg",
        "icons/train-lightrail-front.svg",
        "icons/translate.svg",
        "icons/trash-fill.svg",
        "icons/trash.svg",
        "icons/trash2-fill.svg",
        "icons/trash2.svg",
        "icons/trash3-fill.svg",
        "icons/trash3.svg",
        "icons/tree-fill.svg",
        "icons/tree.svg",
        "icons/trello.svg",
        "icons/triangle-fill.svg",
        "icons/triangle-half.svg",
        "icons/triangle.svg",
        "icons/trophy-fill.svg",
        "icons/trophy.svg",
        "icons/tropical-storm.svg",
        "icons/truck-flatbed.svg",
        "icons/truck-front-fill.svg",
        "icons/truck-front.svg",
        "icons/truck.svg",
        "icons/tsunami.svg",
        "icons/tv-fill.svg",
        "icons/tv.svg",
        "icons/twitch.svg",
        "icons/twitter.svg",
        "icons/type-bold.svg",
        "icons/type-h1.svg",
        "icons/type-h2.svg",
        "icons/type-h3.svg",
        "icons/type-italic.svg",
        "icons/type-strikethrough.svg",
        "icons/type-underline.svg",
        "icons/type.svg",
        "icons/ubuntu.svg",
        "icons/ui-checks-grid.svg",
        "icons/ui-checks.svg",
        "icons/ui-radios-grid.svg",
        "icons/ui-radios.svg",
        "icons/umbrella-fill.svg",
        "icons/umbrella.svg",
        "icons/unindent.svg",
        "icons/union.svg",
        "icons/unity.svg",
        "icons/universal-access-circle.svg",
        "icons/universal-access.svg",
        "icons/unlock-fill.svg",
        "icons/unlock.svg",
        "icons/upc-scan.svg",
        "icons/upc.svg",
        "icons/upload.svg",
        "icons/usb-c-fill.svg",
        "icons/usb-c.svg",
        "icons/usb-drive-fill.svg",
        "icons/usb-drive.svg",
        "icons/usb-fill.svg",
        "icons/usb-micro-fill.svg",
        "icons/usb-micro.svg",
        "icons/usb-mini-fill.svg",
        "icons/usb-mini.svg",
        "icons/usb-plug-fill.svg",
        "icons/usb-plug.svg",
        "icons/usb-symbol.svg",
        "icons/usb.svg",
        "icons/valentine.svg",
        "icons/valentine2.svg",
        "icons/vector-pen.svg",
        "icons/view-list.svg",
        "icons/view-stacked.svg",
        "icons/vimeo.svg",
        "icons/vinyl-fill.svg",
        "icons/vinyl.svg",
        "icons/virus.svg",
        "icons/virus2.svg",
        "icons/voicemail.svg",
        "icons/volume-down-fill.svg",
        "icons/volume-down.svg",
        "icons/volume-mute-fill.svg",
        "icons/volume-mute.svg",
        "icons/volume-off-fill.svg",
        "icons/volume-off.svg",
        "icons/volume-up-fill.svg",
        "icons/volume-up.svg",
        "icons/vr.svg",
        "icons/wallet-fill.svg",
        "icons/wallet.svg",
        "icons/wallet2.svg",
        "icons/watch.svg",
        "icons/water.svg",
        "icons/webcam-fill.svg",
        "icons/webcam.svg",
        "icons/wechat.svg",
        "icons/whatsapp.svg",
        "icons/wifi-1.svg",
        "icons/wifi-2.svg",
        "icons/wifi-off.svg",
        "icons/wifi.svg",
        "icons/wikipedia.svg",
        "icons/wind.svg",
        "icons/window-dash.svg",
        "icons/window-desktop.svg",
        "icons/window-dock.svg",
        "icons/window-fullscreen.svg",
        "icons/window-plus.svg",
        "icons/window-sidebar.svg",
        "icons/window-split.svg",
        "icons/window-stack.svg",
        "icons/window-x.svg",
        "icons/window.svg",
        "icons/windows.svg",
        "icons/wordpress.svg",
        "icons/wrench-adjustable-circle-fill.svg",
        "icons/wrench-adjustable-circle.svg",
        "icons/wrench-adjustable.svg",
        "icons/wrench.svg",
        "icons/x-circle-fill.svg",
        "icons/x-circle.svg",
        "icons/x-diamond-fill.svg",
        "icons/x-diamond.svg",
        "icons/x-lg.svg",
        "icons/x-octagon-fill.svg",
        "icons/x-octagon.svg",
        "icons/x-square-fill.svg",
        "icons/x-square.svg",
        "icons/x.svg",
        "icons/xbox.svg",
        "icons/yelp.svg",
        "icons/yin-yang.svg",
        "icons/youtube.svg",
        "icons/zoom-in.svg",
        "icons/zoom-out.svg",
        "font/bootstrap-icons.json",
        "font/bootstrap-icons.css"
      ]
    }
  ]
}